ticket_id,created_at,category,priority,status,subject,request_text,answer_text,tags,raw_text,clean_text,cluster_id
TCK-0101,2026-02-25,Account,High,Closed,Passwort vergessen – Login ins Intranet nicht möglich,Ich habe mein Passwort vergessen und komme nicht mehr ins Intranet. Können Sie mir helfen?,"Bitte nutze auf der Login-Seite die Funktion „Passwort vergessen“. Du erhältst einen Link per E-Mail. Prüfe auch den Spam-Ordner. Wenn kein Link ankommt, bestätige bitte kurz deine Identität (z. B. Personalnummer) – dann setze ich das Passwort manuell zurück.",passwort;reset;login;intranet,Passwort vergessen – Login ins Intranet nicht möglich Ich habe mein Passwort vergessen und komme nicht mehr ins Intranet. Können Sie mir helfen?,passwort vergessen – login ins intranet nicht möglich ich habe mein passwort vergessen und komme nicht mehr ins intranet. können sie mir helfen?,3
TCK-0102,2026-02-25,Account,Medium,Closed,Passwort-Reset Link kommt nicht an,"Ich habe „Passwort vergessen“ genutzt, aber es kommt keine Mail mit dem Link an.","Bitte prüfe Spam/Quarantäne und ob du die richtige Firmen-E-Mail-Adresse verwendet hast. Wenn du ein privates Postfach eingetragen hast, funktioniert es nicht. Ich kann den Reset-Link erneut auslösen und das Postfach-Logging prüfen. Teile mir bitte den Zeitpunkt des Versuchs mit.",passwort;reset;mail;spam,"Passwort-Reset Link kommt nicht an Ich habe „Passwort vergessen“ genutzt, aber es kommt keine Mail mit dem Link an.","passwort-reset link kommt nicht an ich habe „passwort vergessen“ genutzt, aber es kommt keine mail mit dem link an.",3
TCK-0103,2026-02-26,Account,High,Closed,Konto gesperrt nach Fehlversuchen,Mein Konto ist nach mehreren Versuchen gesperrt. Ich brauche dringend Zugriff.,"Ich habe das Konto entsperrt. Bitte warte 5 Minuten und melde dich dann erneut an. Wenn du dir beim Passwort unsicher bist, setze es über „Passwort vergessen“ zurück. Prüfe auch gespeicherte alte Passwörter auf Handy/Outlook, sonst kann es direkt wieder zur Sperre kommen.",konto;gesperrt;login;ad,Konto gesperrt nach Fehlversuchen Mein Konto ist nach mehreren Versuchen gesperrt. Ich brauche dringend Zugriff.,konto gesperrt nach fehlversuchen mein konto ist nach mehreren versuchen gesperrt. ich brauche dringend zugriff.,10
TCK-0104,2026-02-26,Account,Medium,Closed,Account wird immer wieder gesperrt,"Ich entsperre mich, aber nach kurzer Zeit ist der Account wieder gesperrt.","Das passiert häufig durch ein Gerät mit altem gespeicherten Passwort (z. B. Smartphone-Mail, Outlook, VPN). Bitte ändere das Passwort einmal und aktualisiere es anschließend auf allen Geräten. Ich prüfe parallel die Sperr-Quelle in den Logs und gebe dir Bescheid, welches Gerät die Fehlversuche verursacht.",konto;gesperrt;fehllogin;outlook;vpn,"Account wird immer wieder gesperrt Ich entsperre mich, aber nach kurzer Zeit ist der Account wieder gesperrt.","account wird immer wieder gesperrt ich entsperre mich, aber nach kurzer zeit ist der account wieder gesperrt.",10
TCK-0105,2026-02-27,SSO,High,Closed,SSO-Fehler „Something went wrong“ beim Portal,Beim Öffnen des Mitarbeiterportals kommt nur „Something went wrong“. Ich kann mich nicht anmelden.,"Bitte teste zuerst im Inkognito/Privatfenster. Wenn es dort geht, lösche Cookies/Cache für das Portal und den Identity-Provider. Stelle sicher, dass du im richtigen Firmenkonto angemeldet bist (oben rechts). Wenn es weiter auftritt, sende mir bitte Browser, Uhrzeit und Screenshot.",sso;something-went-wrong;browser;cookies,SSO-Fehler „Something went wrong“ beim Portal Beim Öffnen des Mitarbeiterportals kommt nur „Something went wrong“. Ich kann mich nicht anmelden.,sso-fehler „something went wrong“ beim portal beim öffnen des mitarbeiterportals kommt nur „something went wrong“. ich kann mich nicht anmelden.,1
TCK-0106,2026-02-27,SSO,Medium,Closed,"SSO funktioniert in Edge, aber nicht in Chrome","In Edge klappt die Anmeldung, in Chrome kommt „Something went wrong“.","Das deutet meist auf Chrome-Cookies/Erweiterungen hin. Bitte deaktiviere testweise Erweiterungen (Adblocker/Privacy) und lösche Cookies für die Domain. Prüfe außerdem, ob Drittanbieter-Cookies blockiert sind. Danach Chrome neu starten und erneut testen.",sso;chrome;edge;erweiterungen,"SSO funktioniert in Edge, aber nicht in Chrome In Edge klappt die Anmeldung, in Chrome kommt „Something went wrong“.","sso funktioniert in edge, aber nicht in chrome in edge klappt die anmeldung, in chrome kommt „something went wrong“.",1
TCK-0107,2026-02-28,SSO,Medium,Closed,SSO Endlosschleife / Login-Loop,Ich werde beim Login immer wieder zurück zur Anmeldeseite geleitet (Loop).,"Bitte lösche Cookies/Cache für das Portal und den Identity-Provider und teste im Inkognito-Fenster. Wenn du mehrere Konten (privat/geschäftlich) im Browser hast, melde dich bei allen ab und nur mit dem Firmenkonto neu an. Falls weiterhin Loop: bitte Uhrzeit + Screenshot senden, dann prüfen wir Redirect-URL/Session.",sso;login-loop;cookies;session,SSO Endlosschleife / Login-Loop Ich werde beim Login immer wieder zurück zur Anmeldeseite geleitet (Loop).,sso endlosschleife / login-loop ich werde beim login immer wieder zurück zur anmeldeseite geleitet (loop).,10
TCK-0108,2026-03-01,Security,High,Closed,MFA Code kommt nicht an (SMS),"Beim Login wird ein SMS-Code verlangt, aber ich bekomme keine SMS.","Bitte prüfe Netzempfang/Flugmodus und ob die Nummer korrekt hinterlegt ist. Starte das Handy einmal neu und fordere den Code erneut an. Wenn es weiterhin nicht klappt, kann ich die MFA-Methode auf Authenticator-App umstellen oder einen temporären Backup-Code bereitstellen (nach Identitätsprüfung).",mfa;2fa;sms;login,"MFA Code kommt nicht an (SMS) Beim Login wird ein SMS-Code verlangt, aber ich bekomme keine SMS.","mfa code kommt nicht an (sms) beim login wird ein sms-code verlangt, aber ich bekomme keine sms.",3
TCK-0109,2026-03-01,Security,High,Closed,Authenticator App verloren – neues Handy,Ich habe ein neues Handy und komme nicht mehr in den Authenticator. Login ist blockiert.,Kein Problem: Nach Identitätsprüfung setze ich die bestehende MFA-Registrierung zurück. Danach kannst du dich einmalig mit SMS/Backup-Code anmelden und den Authenticator neu einrichten. Bitte teile mir deinen Benutzernamen und die letzten 2 Ziffern der hinterlegten Nummer mit.,mfa;authenticator;geraet-wechsel;reset,Authenticator App verloren – neues Handy Ich habe ein neues Handy und komme nicht mehr in den Authenticator. Login ist blockiert.,authenticator app verloren – neues handy ich habe ein neues handy und komme nicht mehr in den authenticator. login ist blockiert.,10
TCK-0110,2026-03-02,Security,Medium,Closed,MFA Push-Bestätigung kommt nicht,"Normalerweise bekomme ich eine Push-Anfrage, aber es passiert nichts.","Bitte prüfe, ob Benachrichtigungen für die Authenticator-App aktiviert sind und ob „Energiesparen“ die App blockiert. Öffne die App einmal manuell und synchronisiere ggf. die Uhrzeit (automatisch). Wenn es weiterhin nicht funktioniert, können wir auf Einmalcode umstellen oder MFA zurücksetzen.",mfa;push;benachrichtigung;zeit,"MFA Push-Bestätigung kommt nicht Normalerweise bekomme ich eine Push-Anfrage, aber es passiert nichts.","mfa push-bestätigung kommt nicht normalerweise bekomme ich eine push-anfrage, aber es passiert nichts.",3
TCK-0111,2026-03-02,Account,Medium,Closed,Passwort geändert – danach kein Login mehr,"Ich habe mein Passwort geändert, jetzt geht weder VPN noch Outlook Login.","Nach einer Passwortänderung müssen gespeicherte Anmeldedaten aktualisiert werden. Bitte melde dich zuerst am Windows/SSO mit dem neuen Passwort an. Danach: VPN-Profil neu anmelden und in Outlook unter „Kontoeinstellungen“ ggf. Anmeldedaten aktualisieren. Falls du einen Passwort-Manager nutzt, dort ebenfalls aktualisieren.",passwort;geaendert;vpn;outlook,"Passwort geändert – danach kein Login mehr Ich habe mein Passwort geändert, jetzt geht weder VPN noch Outlook Login.","passwort geändert – danach kein login mehr ich habe mein passwort geändert, jetzt geht weder vpn noch outlook login.",3
TCK-0112,2026-03-02,SSO,Medium,Closed,SSO Fehler nach Browser-Update,Seit dem letzten Browser-Update kann ich mich im Portal nicht mehr anmelden.,"Bitte teste im Inkognito-Fenster und lösche Cache/Cookies. Prüfe, ob eine neue Sicherheits-/Privacy-Einstellung Drittanbieter-Cookies blockiert. In manchen Fällen hilft auch ein Zurücksetzen der Site-Berechtigungen. Wenn du willst, schicke mir Browser-Version + Screenshot, dann kann ich es gezielt nachstellen.",sso;browser-update;cookies;privacy,SSO Fehler nach Browser-Update Seit dem letzten Browser-Update kann ich mich im Portal nicht mehr anmelden.,sso fehler nach browser-update seit dem letzten browser-update kann ich mich im portal nicht mehr anmelden.,10
TCK-0113,2026-03-03,Security,High,Closed,MFA Nummer geändert – Login blockiert,Ich habe eine neue Telefonnummer. Jetzt kann ich keinen Code empfangen und komme nicht rein.,"Ich kann die hinterlegte MFA-Telefonnummer nach Identitätsprüfung aktualisieren oder die MFA-Registrierung zurücksetzen. Bitte sende mir die neue Nummer über den sicheren Kanal (nicht im Tickettext, falls euer Prozess das so vorsieht) und bestätige kurz deine Identität. Danach richtest du MFA neu ein.",mfa;telefonnummer;update;login,MFA Nummer geändert – Login blockiert Ich habe eine neue Telefonnummer. Jetzt kann ich keinen Code empfangen und komme nicht rein.,mfa nummer geändert – login blockiert ich habe eine neue telefonnummer. jetzt kann ich keinen code empfangen und komme nicht rein.,10
TCK-0114,2026-03-03,Account,Low,Closed,Passwort-Regeln unklar – Reset scheitert,Beim Zurücksetzen bekomme ich „Passwort entspricht nicht den Richtlinien“. Welche Regeln gelten?,"Das Passwort muss die Mindestlänge erfüllen und eine Mischung aus Groß-/Kleinbuchstaben, Zahl und Sonderzeichen enthalten. Vermeide Namen/leicht erratbare Wörter und nutze besser eine Passphrase (z. B. 4 Wörter + Zahl + Sonderzeichen). Wenn du mir sagst, welche Fehlermeldung genau kommt, kann ich prüfen, ob zusätzliche Regeln greifen.",passwort;richtlinien;reset;policy,Passwort-Regeln unklar – Reset scheitert Beim Zurücksetzen bekomme ich „Passwort entspricht nicht den Richtlinien“. Welche Regeln gelten?,passwort-regeln unklar – reset scheitert beim zurücksetzen bekomme ich „passwort entspricht nicht den richtlinien“. welche regeln gelten?,3
TCK-0115,2026-03-04,Account,Medium,Closed,Konto gesperrt nach VPN-Login,Nach VPN-Anmeldung wurde mein Konto sofort gesperrt.,"Ich habe dein Konto entsperrt. Wahrscheinlich nutzt der VPN-Client noch ein altes gespeichertes Passwort. Bitte lösche im VPN-Client gespeicherte Zugangsdaten und melde dich neu mit dem aktuellen Passwort an. Wenn du weitere Geräte nutzt (Handy/Outlook), aktualisiere dort ebenfalls die Anmeldedaten, um erneute Sperren zu vermeiden.",konto;gesperrt;vpn;credentials,Konto gesperrt nach VPN-Login Nach VPN-Anmeldung wurde mein Konto sofort gesperrt.,konto gesperrt nach vpn-login nach vpn-anmeldung wurde mein konto sofort gesperrt.,10
TCK-0201,2026-02-25,Drucker,Medium,Closed,Drucker druckt nur leere Seiten,"Der Etagenprinter druckt seit heute nur leere Seiten, egal welches Dokument.","Bitte drucke zuerst eine Testseite direkt am Gerät. Wenn die auch leer ist, liegt es sehr wahrscheinlich am Toner/Drum. Falls die Testseite ok ist: Entferne den Drucker unter „Geräte und Drucker“, füge ihn neu hinzu und setze den Druckertreiber zurück. Gib mir bitte den Druckernamen/Standort durch.",drucker;leere-seiten;toner;treiber,"Drucker druckt nur leere Seiten Der Etagenprinter druckt seit heute nur leere Seiten, egal welches Dokument.","drucker druckt nur leere seiten der etagenprinter druckt seit heute nur leere seiten, egal welches dokument.",11
TCK-0202,2026-02-25,Drucker,Low,Closed,Druck mit Streifen / schlechte Qualität,Ausdrucke haben seit gestern schwarze Streifen über die Seite.,"Das deutet oft auf Toner/Drum oder verschmutzte Rollen hin. Bitte starte die Reinigungs-/Kalibrierungsfunktion am Drucker (Menü -> Wartung). Wenn möglich, drucke eine interne Testseite. Falls die Streifen bleiben, tauschen wir Toner/Drum bzw. erstellen eine Störung für den Service.",drucker;streifen;druckqualitaet;drum,Druck mit Streifen / schlechte Qualität Ausdrucke haben seit gestern schwarze Streifen über die Seite.,druck mit streifen / schlechte qualität ausdrucke haben seit gestern schwarze streifen über die seite.,11
TCK-0203,2026-02-26,Drucker,Medium,Closed,Druckauftrag hängt in Warteschlange,"Mein Dokument bleibt im Status „Wird gedruckt“, aber es passiert nichts.","Bitte öffne die Druckwarteschlange und lösche alle hängenden Jobs. Danach Windows-Dienst „Druckwarteschlange“ neu starten (services.msc). Wenn es weiter hängt, entferne den Drucker und füge ihn erneut hinzu. Teile mir bitte den Druckernamen mit, dann prüfe ich die Queue auch serverseitig.",druckwarteschlange;haengt;restart;queue,"Druckauftrag hängt in Warteschlange Mein Dokument bleibt im Status „Wird gedruckt“, aber es passiert nichts.","druckauftrag hängt in warteschlange mein dokument bleibt im status „wird gedruckt“, aber es passiert nichts.",5
TCK-0204,2026-02-26,Drucker,High,Closed,Druckstau / Fehler am Gerät,"Am Drucker steht „Paper Jam“, aber ich finde kein Papier. Drucken geht nicht mehr.","Bitte öffne die Klappen gemäß Display-Anleitung und prüfe auch den Duplex-Bereich. Entferne ggf. kleine Papierstücke. Wenn der Fehler bleibt, starte den Drucker einmal neu. Wenn weiterhin „Paper Jam“ angezeigt wird, ist vermutlich ein Sensor blockiert – ich melde das Gerät beim Service.",drucker;paper-jam;stoerung;hardware,"Druckstau / Fehler am Gerät Am Drucker steht „Paper Jam“, aber ich finde kein Papier. Drucken geht nicht mehr.","druckstau / fehler am gerät am drucker steht „paper jam“, aber ich finde kein papier. drucken geht nicht mehr.",5
TCK-0205,2026-02-27,Scannen,Medium,Closed,Scanner sendet nicht an E-Mail,Scan-to-Mail funktioniert nicht. Es kommt keine Mail an.,"Bitte prüfe, ob du die richtige Empfängeradresse auswählst und ob die Mail im Spam landet. Häufig liegt es an SMTP/Authentifizierung. Ich prüfe die Scan-to-Mail Konfiguration am Gerät (Relay/Account) und die Server-Logs. Nenne mir bitte Gerätename/Standort und ungefähre Uhrzeit des Scanversuchs.",scanner;scan-to-mail;smtp;mail,Scanner sendet nicht an E-Mail Scan-to-Mail funktioniert nicht. Es kommt keine Mail an.,scanner sendet nicht an e-mail scan-to-mail funktioniert nicht. es kommt keine mail an.,9
TCK-0206,2026-02-27,Scannen,Low,Closed,Scan-to-Mail hängt ewig,Beim Scannen steht nur „Senden…“ und es passiert nichts.,"Bitte teste einmal Scan-to-USB oder Scan-to-Folder (falls vorhanden), um das Gerät einzugrenzen. Danach Gerät neu starten. Wenn nur Mail hängt, ist meist die Mail-Konfiguration/Netzwerkverbindung betroffen. Bitte gib mir Standort und ob Netzwerk am Gerät verfügbar ist (IP angezeigt?).",scanner;scan-to-mail;haengt;netzwerk,Scan-to-Mail hängt ewig Beim Scannen steht nur „Senden…“ und es passiert nichts.,scan-to-mail hängt ewig beim scannen steht nur „senden…“ und es passiert nichts.,9
TCK-0207,2026-02-28,Drucker,Medium,Closed,Standarddrucker verstellt sich ständig,Mein Standarddrucker springt immer wieder auf einen anderen Drucker.,"Bitte deaktiviere in Windows „Windows verwaltet Standarddrucker“ (Einstellungen -> Geräte -> Drucker & Scanner). Setze anschließend den gewünschten Drucker als Standard. Wenn du oft mit dem Laptop dockst, kann es sonst automatisch umschalten.",standarddrucker;windows;settings,Standarddrucker verstellt sich ständig Mein Standarddrucker springt immer wieder auf einen anderen Drucker.,standarddrucker verstellt sich ständig mein standarddrucker springt immer wieder auf einen anderen drucker.,5
TCK-0208,2026-02-28,Drucker,Low,Closed,Falsches Papierformat (A4/A3),"Der Drucker will A3, obwohl ich A4 drucke. Dadurch kommt immer eine Fehlermeldung.","Bitte prüfe im Druckdialog das Papierformat (A4) und im Druckertreiber die „Standardpapiergröße“. Oft ist in der Vorlage A3 gespeichert. Stelle außerdem sicher, dass im Druckerfach tatsächlich A4 eingelegt ist und das Fach korrekt eingestellt ist. Wenn du willst, schick mir einen Screenshot der Druckeinstellungen.",papierformat;a4;a3;druckeinstellungen,"Falsches Papierformat (A4/A3) Der Drucker will A3, obwohl ich A4 drucke. Dadurch kommt immer eine Fehlermeldung.","falsches papierformat (a4/a3) der drucker will a3, obwohl ich a4 drucke. dadurch kommt immer eine fehlermeldung.",5
TCK-0209,2026-02-27,Drucker,Medium,Closed,Druck kommt am falschen Drucker raus,"Ich drucke auf 'Etage 3', aber es kommt bei 'Etage 2' raus.","Bitte prüfe, ob du den richtigen Drucker ausgewählt hast und ob es ggf. mehrere ähnlich benannte Geräte gibt. Entferne alte Drucker aus der Liste, damit du nicht versehentlich den falschen wählst. Wenn ihr Follow-Me/Pull-Printing nutzt, stelle sicher, dass du am Gerät mit deinem Badge freigibst.",drucker;falscher-drucker;pull-printing,"Druck kommt am falschen Drucker raus Ich drucke auf 'Etage 3', aber es kommt bei 'Etage 2' raus.","druck kommt am falschen drucker raus ich drucke auf 'etage 3', aber es kommt bei 'etage 2' raus.",5
TCK-0210,2026-03-01,Drucker,High,Closed,Drucker offline / nicht erreichbar,Windows zeigt den Drucker als „Offline“ an. Drucken geht gar nicht.,"Bitte prüfe, ob der Drucker eingeschaltet ist und am Display eine IP-Adresse angezeigt wird. Starte Drucker und ggf. Docking/LAN kurz neu. Wenn du per WLAN druckst, teste einmal per LAN. Ich prüfe parallel die Erreichbarkeit des Druckservers und ob der Drucker im Netzwerk „down“ ist.",drucker;offline;netzwerk;druckserver,Drucker offline / nicht erreichbar Windows zeigt den Drucker als „Offline“ an. Drucken geht gar nicht.,drucker offline / nicht erreichbar windows zeigt den drucker als „offline“ an. drucken geht gar nicht.,11
TCK-0211,2026-03-01,Drucker,Medium,Closed,Druckauftrag verschwindet einfach,"Ich sende einen Druck, kurz danach ist er weg und es kommt nichts raus.","Das kann passieren, wenn der Treiber einen Fehler wirft oder der Job serverseitig abgebrochen wird. Bitte drucke testweise eine Windows-Testseite. Wenn die auch nicht kommt, entferne den Drucker und installiere ihn neu. Sende mir bitte Uhrzeit und Dokumenttyp (PDF/Word), dann kann ich im Print-Log nachsehen.",druckauftrag;verschwindet;treiber;print-log,"Druckauftrag verschwindet einfach Ich sende einen Druck, kurz danach ist er weg und es kommt nichts raus.","druckauftrag verschwindet einfach ich sende einen druck, kurz danach ist er weg und es kommt nichts raus.",11
TCK-0212,2026-03-02,Scannen,Medium,Closed,Scanner sendet an falsche Adresse,"Scan-to-Mail geht, aber die Scans landen bei einer falschen Mailadresse.",Wahrscheinlich ist am Gerät ein Standardempfänger oder ein altes Adressbuch hinterlegt. Ich kann die Schnellwahltasten/Adressbuch-Einträge prüfen und korrigieren. Bitte nenne mir den Gerätenamen und welche Taste/Profil du nutzt.,scanner;adressbuch;scan-to-mail;profil,"Scanner sendet an falsche Adresse Scan-to-Mail geht, aber die Scans landen bei einer falschen Mailadresse.","scanner sendet an falsche adresse scan-to-mail geht, aber die scans landen bei einer falschen mailadresse.",9
TCK-0213,2026-03-02,Drucker,Low,Closed,Druck dauert extrem lange,"Einfaches PDF braucht mehrere Minuten, bis es druckt.","Bitte teste einmal eine kleine Testseite. Wenn nur PDFs langsam sind, kann es an „Als Bild drucken“ oder am Treibermodus liegen. Stelle im Treiber testweise auf PCL6/Universal-Treiber um (falls vorhanden). Ich kann außerdem die Queue auf große Jobs prüfen, die alles blockieren.",druck;langsam;pdf;queue,"Druck dauert extrem lange Einfaches PDF braucht mehrere Minuten, bis es druckt.","druck dauert extrem lange einfaches pdf braucht mehrere minuten, bis es druckt.",11
TCK-0214,2026-03-03,Drucker,Medium,Closed,Druckwarteschlange lässt sich nicht löschen,"Ich kann die Druckjobs nicht abbrechen, sie bleiben drin hängen.","Bitte stoppe den Dienst „Druckwarteschlange“, lösche danach die Dateien im Spool-Ordner und starte den Dienst wieder. Wenn du das nicht darfst, kann ich es remote machen. Alternativ: Rechner neu starten hilft oft. Gib mir bitte den PC-Namen, falls ich übernehmen soll.",druckwarteschlange;spooler;haengt;cleanup,"Druckwarteschlange lässt sich nicht löschen Ich kann die Druckjobs nicht abbrechen, sie bleiben drin hängen.","druckwarteschlange lässt sich nicht löschen ich kann die druckjobs nicht abbrechen, sie bleiben drin hängen.",5
TCK-0215,2026-03-04,Scannen,Low,Closed,Scanner: PDF kommt leer/unklar an,"Der Scan kommt an, aber das PDF ist sehr blass bzw. teilweise leer.","Bitte reinige die Scanglasfläche und den ADF-Einzug (Staub verursacht oft Streifen/Blässe). Stelle testweise Kontrast/Schwärzung höher und wähle 300 dpi. Wenn das Problem nur über ADF auftritt, aber am Glas ok ist, ist der Einzug verschmutzt oder defekt – dann melden wir Wartung an.",scanner;pdf;qualitaet;adf,"Scanner: PDF kommt leer/unklar an Der Scan kommt an, aber das PDF ist sehr blass bzw. teilweise leer.","scanner: pdf kommt leer/unklar an der scan kommt an, aber das pdf ist sehr blass bzw. teilweise leer.",11
TCK-0301,2026-02-25,Performance,Medium,Closed,PC sehr langsam nach Windows-Update,Seit dem Windows-Update ist mein PC extrem langsam. Programme starten ewig.,"Nach Updates laufen oft Hintergrundprozesse (Indexierung/Defender/Optimierung). Bitte lass den PC 30–60 Minuten am Strom und im WLAN/LAN, damit alles fertig wird. Starte danach neu. Prüfe im Task-Manager, ob „Windows Modules Installer“/„Antimalware Service Executable“ viel Last verursacht. Wenn es morgen noch so ist, schicken mir bitte Screenshot vom Task-Manager (CPU/RAM/Datenträger).",windows-update;langsam;hintergrund;task-manager,PC sehr langsam nach Windows-Update Seit dem Windows-Update ist mein PC extrem langsam. Programme starten ewig.,pc sehr langsam nach windows-update seit dem windows-update ist mein pc extrem langsam. programme starten ewig.,2
TCK-0302,2026-02-25,Performance,High,Closed,PC hängt nach Login / schwarzer Bildschirm kurz,Nach dem Anmelden bleibt der Bildschirm lange schwarz und der Desktop lädt sehr spät.,"Das kann an Autostart-Programmen oder Profil-Skripten liegen. Bitte teste einmal mit Neustart und ohne VPN. Öffne Task-Manager -> Autostart und deaktiviere nicht benötigte Einträge. Ich prüfe parallel, ob das Profil/Netzlaufwerke beim Login hängen.",login;profil;autostart;langsam,PC hängt nach Login / schwarzer Bildschirm kurz Nach dem Anmelden bleibt der Bildschirm lange schwarz und der Desktop lädt sehr spät.,pc hängt nach login / schwarzer bildschirm kurz nach dem anmelden bleibt der bildschirm lange schwarz und der desktop lädt sehr spät.,2
TCK-0303,2026-02-26,Stabilität,Medium,Closed,Teams friert beim Start ein,"Teams öffnet sich, aber reagiert nicht mehr (weißes Fenster).","Bitte Teams komplett beenden (Task-Manager) und den Cache löschen (Teams Cache/Local Storage). Danach Teams neu starten. Wenn es wieder passiert, prüfe Updates von Teams und Windows. Alternativ kannst du testweise die Web-Version nutzen. Sende mir bitte deine Teams-Version, falls es bleibt.",teams;friert-ein;cache;white-screen,"Teams friert beim Start ein Teams öffnet sich, aber reagiert nicht mehr (weißes Fenster).","teams friert beim start ein teams öffnet sich, aber reagiert nicht mehr (weißes fenster).",0
TCK-0304,2026-02-26,Stabilität,Medium,Closed,Outlook friert beim Suchen ein,"Wenn ich in Outlook suche, hängt das Programm für mehrere Sekunden/minuten.","Bitte prüfe, ob Windows-Suche/Indexierung abgeschlossen ist (Indexoptionen). Starte Outlook einmal im abgesicherten Modus (outlook.exe /safe) und deaktiviere Add-ins nacheinander. Ich kann außerdem das Outlook-Profil reparieren und die OST neu aufbauen lassen, falls nötig.",outlook;friert-ein;suche;index,"Outlook friert beim Suchen ein Wenn ich in Outlook suche, hängt das Programm für mehrere Sekunden/minuten.","outlook friert beim suchen ein wenn ich in outlook suche, hängt das programm für mehrere sekunden/minuten.",2
TCK-0305,2026-02-27,Performance,High,Closed,Hohe CPU: Prozess 'Antimalware Service Executable',Mein Laptop ist laut und langsam. Im Task-Manager zieht 'Antimalware Service Executable' sehr viel CPU.,"Das ist Windows Defender beim Scannen. Bitte lasse den Scan einmal fertig laufen (am besten am Strom). Prüfe, ob gerade ein großes Laufwerk/Ordner neu synchronisiert wird. Wenn es dauerhaft hoch bleibt, kann ich eine gezielte Ausschlussprüfung für bekannte Unternehmensordner prüfen (nach Policy) oder einen vollständigen Malware-Scan anstoßen.",cpu;defender;antimalware;langsam,Hohe CPU: Prozess 'Antimalware Service Executable' Mein Laptop ist laut und langsam. Im Task-Manager zieht 'Antimalware Service Executable' sehr viel CPU.,hohe cpu: prozess 'antimalware service executable' mein laptop ist laut und langsam. im task-manager zieht 'antimalware service executable' sehr viel cpu.,8
TCK-0306,2026-02-27,Performance,Medium,Closed,Hohe CPU durch Prozess X (Unbekannt),"Im Task-Manager sehe ich einen Prozess, der ständig 80–90% CPU nutzt. Ich weiß nicht, was das ist.","Bitte sende mir den exakten Prozessnamen und – wenn möglich – einen Screenshot aus dem Task-Manager (Details-Tab). Oft sind es Updater, Browser-Tabs oder Sync-Clients. Als Sofortmaßnahme: PC neu starten und prüfen, ob es wieder auftritt. Danach können wir gezielt Updates/Reparatur durchführen.",cpu;prozess;task-manager;analyse,"Hohe CPU durch Prozess X (Unbekannt) Im Task-Manager sehe ich einen Prozess, der ständig 80–90% CPU nutzt. Ich weiß nicht, was das ist.","hohe cpu durch prozess x (unbekannt) im task-manager sehe ich einen prozess, der ständig 80–90% cpu nutzt. ich weiß nicht, was das ist.",8
TCK-0307,2026-02-28,Performance,Medium,Closed,Datenträger bei 100% – alles langsam,"Der PC ist extrem langsam, im Task-Manager steht Datenträger permanent bei 100%.","Bitte prüfe im Task-Manager -> Prozesse, welche App den Datenträger auslastet (z. B. Windows Search, OneDrive, Teams Cache). Wenn es Windows Search ist, kann Index neu aufgebaut werden. Wenn es OneDrive ist, Sync kurz pausieren. Ich kann bei Bedarf auch den Zustand der SSD prüfen (SMART) und Treiber/Update kontrollieren.",datentraeger;100%;ssd;windows-search,"Datenträger bei 100% – alles langsam Der PC ist extrem langsam, im Task-Manager steht Datenträger permanent bei 100%.","datenträger bei 100% – alles langsam der pc ist extrem langsam, im task-manager steht datenträger permanent bei 100%.",8
TCK-0308,2026-02-28,Stabilität,Low,Closed,Teams hängt beim Bildschirmteilen,Beim Bildschirmteilen friert Teams kurz ein und ruckelt stark.,"Bitte schließe unnötige Programme und prüfe, ob du über WLAN mit schwachem Signal verbunden bist. Teste wenn möglich LAN oder einen anderen Access Point. Stelle außerdem sicher, dass Teams aktualisiert ist. Wenn du mehrere Monitore nutzt, teste einmal nur mit einem Monitor, da das manchmal die GPU belastet.",teams;screen-share;ruckeln;netzwerk,Teams hängt beim Bildschirmteilen Beim Bildschirmteilen friert Teams kurz ein und ruckelt stark.,teams hängt beim bildschirmteilen beim bildschirmteilen friert teams kurz ein und ruckelt stark.,0
TCK-0309,2026-03-01,Performance,High,Closed,C: Laufwerk voll – Updates schlagen fehl,Mein C: Laufwerk ist voll und Windows-Updates brechen ab.,"Bitte öffne „Speicher“ in Windows und führe die Datenträgerbereinigung aus (temporäre Dateien, Windows Update Cleanup). Leere den Papierkorb und prüfe Downloads/Temp-Ordner. Verschiebe große Dateien (Videos/ISOs) auf ein Netzlaufwerk. Wenn du willst, kann ich dir eine Liste der größten Ordner geben (z. B. mit TreeSize) und helfen beim Aufräumen.",speicherplatz;laufwerk-c;voll;windows-update,C: Laufwerk voll – Updates schlagen fehl Mein C: Laufwerk ist voll und Windows-Updates brechen ab.,c: laufwerk voll – updates schlagen fehl mein c: laufwerk ist voll und windows-updates brechen ab.,8
TCK-0310,2026-03-01,Performance,Medium,Closed,C: fast voll wegen OneDrive/Sync,"Mein C: ist fast voll, OneDrive synchronisiert sehr viel.","Bitte prüfe in OneDrive, welche Ordner offline verfügbar sind. Stelle große Ordner auf „Nur online“, damit sie keinen lokalen Speicher belegen. Alternativ kannst du den OneDrive-Speicherort (je nach Policy) auf ein anderes Laufwerk verschieben. Wenn du mir sagst, welche Ordner groß sind, gebe ich dir eine Empfehlung.",speicherplatz;onedrive;sync;nur-online,"C: fast voll wegen OneDrive/Sync Mein C: ist fast voll, OneDrive synchronisiert sehr viel.","c: fast voll wegen onedrive/sync mein c: ist fast voll, onedrive synchronisiert sehr viel.",8
TCK-0311,2026-03-02,Stabilität,Medium,Closed,Outlook friert beim Senden ein,Beim Senden bleibt Outlook hängen und reagiert nicht mehr.,"Bitte prüfe zuerst die Größe der Mail/Anhänge. Starte Outlook im abgesicherten Modus und teste ohne Add-ins. Wenn es weiter passiert: OST-Datei neu erstellen (Konto entfernen/neu hinzufügen) und Windows-Updates prüfen. Falls du VPN nutzt, teste einmal ohne VPN (Netzwerk kann das Senden blockieren).",outlook;friert-ein;senden;addins,Outlook friert beim Senden ein Beim Senden bleibt Outlook hängen und reagiert nicht mehr.,outlook friert beim senden ein beim senden bleibt outlook hängen und reagiert nicht mehr.,0
TCK-0312,2026-03-02,Performance,Low,Closed,PC langsam – viele Autostart-Programme,"Mein Rechner ist seit Wochen langsam, besonders nach dem Hochfahren.","Bitte öffne Task-Manager -> Autostart und deaktiviere Programme, die du nicht direkt brauchst (z. B. Updater/Chat-Tools). Prüfe außerdem, ob der freie Speicherplatz auf C: mindestens 10–15% beträgt. Ein Neustart (nicht Herunterfahren) kann helfen, da Windows Schnellstart sonst Probleme behält.",autostart;langsam;boot;windows,"PC langsam – viele Autostart-Programme Mein Rechner ist seit Wochen langsam, besonders nach dem Hochfahren.","pc langsam – viele autostart-programme mein rechner ist seit wochen langsam, besonders nach dem hochfahren.",2
TCK-0313,2026-03-03,Performance,Medium,Closed,Hohe RAM-Auslastung – PC wird träge,Nach ein paar Stunden Arbeit ist der PC träge und RAM ist fast voll.,"Bitte prüfe im Task-Manager, welche Programme den meisten Speicher nutzen (Browser mit vielen Tabs, Teams, IDEs). Schließe testweise große Programme und starte Teams/Browser neu. Wenn der RAM regelmäßig voll läuft, können wir prüfen, ob ein Memory Leak vorliegt oder ob ein Upgrade nötig ist (falls erlaubt).",ram;memory;performance;task-manager,Hohe RAM-Auslastung – PC wird träge Nach ein paar Stunden Arbeit ist der PC träge und RAM ist fast voll.,hohe ram-auslastung – pc wird träge nach ein paar stunden arbeit ist der pc träge und ram ist fast voll.,2
TCK-0314,2026-03-03,Stabilität,High,Closed,PC friert komplett ein – nur Neustart hilft,Mehrmals am Tag friert der PC komplett ein. Maus/Tastatur reagieren nicht.,"Bitte notiere Zeitpunkt und was du gerade gemacht hast (Teams-Call, Docking, PDF, etc.). Prüfe, ob ein bestimmtes Gerät angeschlossen ist (Dock/Monitor/USB). Ich schaue in die Windows-Ereignisanzeige (Kritische Fehler/BlueScreen-Logs) und prüfe Treiber-Updates (Grafik/Docking/Chipset).",freeze;haengt;ereignisanzeige;treiber,PC friert komplett ein – nur Neustart hilft Mehrmals am Tag friert der PC komplett ein. Maus/Tastatur reagieren nicht.,pc friert komplett ein – nur neustart hilft mehrmals am tag friert der pc komplett ein. maus/tastatur reagieren nicht.,0
TCK-0315,2026-03-04,Performance,Medium,Closed,"Nach Windows-Update: Lüfter laut, Akku schnell leer",Seit dem Update läuft der Lüfter ständig und der Akku ist schnell leer.,"Bitte prüfe im Task-Manager, ob ein Prozess dauerhaft CPU nutzt (z. B. Indexierung/Defender). Stelle den Energiemodus auf „Ausbalanciert“ und lasse das Gerät am Strom, bis Hintergrundaufgaben abgeschlossen sind. Wenn es länger als 24h so bleibt, prüfen wir Treiber (Grafik/ACPI) und installierte Updates.",windows-update;akku;cpu;luefter,"Nach Windows-Update: Lüfter laut, Akku schnell leer Seit dem Update läuft der Lüfter ständig und der Akku ist schnell leer.","nach windows-update: lüfter laut, akku schnell leer seit dem update läuft der lüfter ständig und der akku ist schnell leer.",2
TCK-0401,2026-02-25,Lizenz,High,Closed,Office Lizenz abgelaufen – Apps im Nur-Lesen-Modus,"In Word/Excel steht, dass die Lizenz abgelaufen ist und alles ist nur noch „Nur Lesen“.","Bitte melde dich in einer Office-App oben rechts ab und wieder mit deinem Firmenkonto an. Prüfe außerdem, ob du im richtigen Konto (geschäftlich) angemeldet bist. Wenn die Lizenz weiterhin als abgelaufen angezeigt wird, weise ich dir die passende M365-Lizenz erneut zu und du startest die Apps danach neu.",office;lizenz;abgelaufen;m365,"Office Lizenz abgelaufen – Apps im Nur-Lesen-Modus In Word/Excel steht, dass die Lizenz abgelaufen ist und alles ist nur noch „Nur Lesen“.","office lizenz abgelaufen – apps im nur-lesen-modus in word/excel steht, dass die lizenz abgelaufen ist und alles ist nur noch „nur lesen“.",1
TCK-0402,2026-02-25,Lizenz,Medium,Closed,Adobe Lizenz abgelaufen – Anmeldung erforderlich,Adobe zeigt „Lizenz abgelaufen“ und ich kann keine PDFs mehr bearbeiten.,"Bitte öffne die Creative Cloud App und melde dich ab/an. Stelle sicher, dass du mit dem Firmen-Adobe-Account angemeldet bist (nicht privat). Wenn die Lizenz trotzdem fehlt, prüfe ich die Zuweisung in der Admin-Konsole und ordne dir die richtige Produktlizenz zu.",adobe;lizenz;abgelaufen;creative-cloud,Adobe Lizenz abgelaufen – Anmeldung erforderlich Adobe zeigt „Lizenz abgelaufen“ und ich kann keine PDFs mehr bearbeiten.,adobe lizenz abgelaufen – anmeldung erforderlich adobe zeigt „lizenz abgelaufen“ und ich kann keine pdfs mehr bearbeiten.,6
TCK-0403,2026-02-26,Lizenz,Medium,Closed,Aktivierung schlägt fehl – falscher Account,Beim Aktivieren von Office kommt „Account not eligible“ bzw. Aktivierung fehlgeschlagen.,"Das passiert meist, wenn ein falsches Konto verwendet wird (privat statt Firmenkonto) oder keine Lizenz zugewiesen ist. Bitte melde dich komplett ab und nur mit dem Firmenkonto wieder an. Ich prüfe parallel, ob dir die passende Lizenz zugeordnet ist und weise sie ggf. zu.",aktivierung;office;account;eligible,Aktivierung schlägt fehl – falscher Account Beim Aktivieren von Office kommt „Account not eligible“ bzw. Aktivierung fehlgeschlagen.,aktivierung schlägt fehl – falscher account beim aktivieren von office kommt „account not eligible“ bzw. aktivierung fehlgeschlagen.,1
TCK-0404,2026-02-26,Lizenz,High,Closed,Aktivierung mit Key funktioniert nicht,"Ich habe einen Produkt-Key, aber bei der Eingabe kommt „Ungültig“ oder „Kann nicht aktiviert werden“.","Bei Firmeninstallationen läuft die Aktivierung meist über Konto/Lizenzzuweisung, nicht über Keys. Bitte aktiviere über „Anmelden“ mit dem Firmenkonto. Wenn ein Key zwingend nötig ist, brauche ich die genaue Fehlermeldung und die Produktversion, um zu prüfen, ob der Key zur Edition passt.",key;aktivierung;office;edition,"Aktivierung mit Key funktioniert nicht Ich habe einen Produkt-Key, aber bei der Eingabe kommt „Ungültig“ oder „Kann nicht aktiviert werden“.","aktivierung mit key funktioniert nicht ich habe einen produkt-key, aber bei der eingabe kommt „ungültig“ oder „kann nicht aktiviert werden“.",1
TCK-0405,2026-02-27,Lizenz,Medium,Closed,Zu viele Geräte aktiviert (Office),"Ich bekomme die Meldung, dass zu viele Geräte aktiviert sind und Office nicht mehr geht.",Bitte gehe in deinem Microsoft-Konto/Office-Portal in die Geräteverwaltung und deaktiviere alte Geräte (z. B. alte Laptops). Alternativ kann ich eine Lizenz-Neuzuordnung anstoßen. Danach Office neu starten und erneut anmelden.,zu-viele-geraete;office;deaktivieren;geraete,"Zu viele Geräte aktiviert (Office) Ich bekomme die Meldung, dass zu viele Geräte aktiviert sind und Office nicht mehr geht.","zu viele geräte aktiviert (office) ich bekomme die meldung, dass zu viele geräte aktiviert sind und office nicht mehr geht.",1
TCK-0406,2026-02-27,Lizenz,Medium,Closed,Zu viele Geräte aktiviert (Adobe),"Adobe meldet, dass ich die maximale Anzahl an Aktivierungen erreicht habe.","Bitte melde dich in der Creative Cloud App ab und wähle „Auf allen Geräten abmelden“ (Sign out from all devices). Danach meldest du dich am aktuellen Gerät wieder an. Falls du keinen Zugriff mehr auf alte Geräte hast, kann ich die Aktivierungen administrativ zurücksetzen.",adobe;zu-viele-geraete;aktivierungen;reset,"Zu viele Geräte aktiviert (Adobe) Adobe meldet, dass ich die maximale Anzahl an Aktivierungen erreicht habe.","zu viele geräte aktiviert (adobe) adobe meldet, dass ich die maximale anzahl an aktivierungen erreicht habe.",1
TCK-0407,2026-02-28,Lizenz,Low,Closed,Office zeigt „Produkt deaktiviert“ nach Passwortwechsel,Nach meinem Passwortwechsel ist Office plötzlich deaktiviert.,"Bitte melde dich in Office einmal ab und wieder an, damit der Token erneuert wird. Prüfe auch gespeicherte Anmeldedaten im Windows-Anmeldeinformationsmanager. Danach Office neu starten. Wenn es weiter deaktiviert bleibt, prüfe ich die Lizenzzuweisung im M365 Admin Center.",office;deaktiviert;passwortwechsel;token,Office zeigt „Produkt deaktiviert“ nach Passwortwechsel Nach meinem Passwortwechsel ist Office plötzlich deaktiviert.,office zeigt „produkt deaktiviert“ nach passwortwechsel nach meinem passwortwechsel ist office plötzlich deaktiviert.,1
TCK-0408,2026-02-28,Lizenz,Medium,Closed,Aktivierung scheitert wegen Proxy/Netzwerk,"Die Aktivierung klappt im Büro, aber im Homeoffice/VPN nicht.","Bitte teste einmal ohne VPN oder mit stabiler Verbindung. Aktivierung benötigt Zugriff auf Lizenzserver. Prüfe, ob Datum/Uhrzeit korrekt sind. Wenn ihr einen Proxy nutzt, kann das blockieren – ich kann die freizugebenden Domains prüfen. Sende mir bitte die genaue Fehlermeldung und ob du über VPN verbunden bist.",aktivierung;vpn;proxy;netzwerk,"Aktivierung scheitert wegen Proxy/Netzwerk Die Aktivierung klappt im Büro, aber im Homeoffice/VPN nicht.","aktivierung scheitert wegen proxy/netzwerk die aktivierung klappt im büro, aber im homeoffice/vpn nicht.",1
TCK-0409,2026-03-01,Lizenz,Medium,Closed,Lizenz für neues Tool anfragen (Jira),"Ich brauche eine Jira-Lizenz für das Projekt, aktuell habe ich keinen Zugriff.","Bitte sende mir: Projektname, benötigte Rolle (z. B. User/Admin), Begründung und idealerweise eine kurze Freigabe durch Projektleitung. Danach kann ich die Lizenz zuweisen bzw. den Antrag im Lizenzsystem stellen. Du erhältst eine Bestätigung, sobald die Zuweisung aktiv ist.",lizenz;anfrage;jira;zugriff,"Lizenz für neues Tool anfragen (Jira) Ich brauche eine Jira-Lizenz für das Projekt, aktuell habe ich keinen Zugriff.","lizenz für neues tool anfragen (jira) ich brauche eine jira-lizenz für das projekt, aktuell habe ich keinen zugriff.",6
TCK-0410,2026-03-01,Lizenz,Low,Closed,Lizenz für neues Tool anfragen (Confluence),"Ich soll Dokumentation in Confluence pflegen, aber ich habe keinen Zugang.","Ich kann dir eine Confluence-Lizenz zuweisen, sobald die Projektverantwortlichen bestätigt haben, dass du Zugriff benötigst. Bitte nenne Space/Projekt und die verantwortliche Person. Danach füge ich dich hinzu und du solltest innerhalb kurzer Zeit Zugriff haben.",lizenz;anfrage;confluence;space,"Lizenz für neues Tool anfragen (Confluence) Ich soll Dokumentation in Confluence pflegen, aber ich habe keinen Zugang.","lizenz für neues tool anfragen (confluence) ich soll dokumentation in confluence pflegen, aber ich habe keinen zugang.",6
TCK-0411,2026-03-02,Lizenz,High,Closed,Adobe Sign/Acrobat Pro benötigt – aktuelle Lizenz reicht nicht,"Ich kann PDFs nicht bearbeiten/konvertieren. Ich glaube, ich brauche Acrobat Pro.","Bitte bestätige kurz, welche Funktion du brauchst (Bearbeiten, OCR, Signieren) und für welches Projekt. Wenn eine Pro-Lizenz erforderlich ist, brauche ich die Kostenstellenfreigabe oder die Zustimmung der Teamleitung. Danach kann ich die Lizenz zuweisen und du meldest dich in der Creative Cloud neu an.",adobe;acrobat-pro;lizenzupgrade;anfrage,"Adobe Sign/Acrobat Pro benötigt – aktuelle Lizenz reicht nicht Ich kann PDFs nicht bearbeiten/konvertieren. Ich glaube, ich brauche Acrobat Pro.","adobe sign/acrobat pro benötigt – aktuelle lizenz reicht nicht ich kann pdfs nicht bearbeiten/konvertieren. ich glaube, ich brauche acrobat pro.",6
TCK-0412,2026-03-02,Lizenz,Medium,Closed,Office Aktivierung Fehlercode (0xC004F074),Bei der Aktivierung bekomme ich Fehlercode 0xC004F074.,"Das ist oft ein Aktivierungs-/KMS-Kommunikationsproblem. Bitte prüfe Datum/Uhrzeit und Netzwerkverbindung (im Firmennetz oder VPN). Starte den PC neu und versuche es erneut. Wenn es bleibt, sende mir den Screenshot; ich prüfe, ob KMS/Token oder die installierte Office-Edition nicht zur Lizenz passt.",office;aktivierung;fehlercode;kms,Office Aktivierung Fehlercode (0xC004F074) Bei der Aktivierung bekomme ich Fehlercode 0xC004F074.,office aktivierung fehlercode (0xc004f074) bei der aktivierung bekomme ich fehlercode 0xc004f074.,1
TCK-0413,2026-03-03,Lizenz,Low,Closed,Lizenz-Zuweisung dauert / nicht sichtbar,"Mir wurde gesagt, die Lizenz ist zugewiesen, aber ich sehe noch keinen Zugriff.","Bitte melde dich einmal ab und wieder an (SaaS-Tool) und warte 10–30 Minuten, da die Zuweisung manchmal verzögert propagiert. Lösche ggf. Browser-Cookies oder teste im Inkognito-Fenster. Wenn es nach 1 Stunde nicht geht, prüfe ich die Zuweisung und Gruppenmitgliedschaften.",lizenz;zuweisung;propagation;login,"Lizenz-Zuweisung dauert / nicht sichtbar Mir wurde gesagt, die Lizenz ist zugewiesen, aber ich sehe noch keinen Zugriff.","lizenz-zuweisung dauert / nicht sichtbar mir wurde gesagt, die lizenz ist zugewiesen, aber ich sehe noch keinen zugriff.",6
TCK-0414,2026-03-03,Lizenz,Medium,Closed,Lizenz für zweiten PC benötigt,Ich arbeite im Büro und zuhause an zwei Geräten. Kann ich Office auf beiden nutzen?,"Mit den meisten M365-Lizenzen kannst du Office auf mehreren Geräten nutzen, solange du dich mit deinem Firmenkonto anmeldest. Wenn du die Meldung „zu viele Geräte“ bekommst, müssen wir alte Geräte deaktivieren. Nenne mir bitte, welche Geräte aktiv sind, dann helfe ich beim Aufräumen.",office;mehrere-geraete;lizenz;geraete,Lizenz für zweiten PC benötigt Ich arbeite im Büro und zuhause an zwei Geräten. Kann ich Office auf beiden nutzen?,lizenz für zweiten pc benötigt ich arbeite im büro und zuhause an zwei geräten. kann ich office auf beiden nutzen?,6
TCK-0415,2026-03-04,Lizenz,Medium,Closed,Aktivierung schlägt fehl – „Lizenz nicht gefunden“,Beim Start von Excel steht „Keine Lizenz gefunden“.,"Bitte stelle sicher, dass du mit deinem Firmenkonto angemeldet bist und dass du Internetzugang hast. Melde dich in Office ab/an und starte den PC neu. Wenn weiterhin „Lizenz nicht gefunden“ erscheint, prüfe ich deine Lizenzzuweisung und ob du evtl. in der falschen Tenant/Organisation angemeldet bist.",office;lizenz-nicht-gefunden;aktivierung;tenant,Aktivierung schlägt fehl – „Lizenz nicht gefunden“ Beim Start von Excel steht „Keine Lizenz gefunden“.,aktivierung schlägt fehl – „lizenz nicht gefunden“ beim start von excel steht „keine lizenz gefunden“.,1
TCK-0501,2026-02-25,Netzwerk,Medium,Closed,WLAN bricht ständig ab,Mein Firmen-WLAN trennt sich alle paar Minuten. Arbeiten ist kaum möglich.,"Bitte entferne das WLAN-Profil („Bekannte Netzwerke verwalten“ -> Entfernen) und verbinde dich neu. Starte den PC einmal neu und prüfe, ob der WLAN-Treiber aktuell ist (Windows Update). Wenn möglich, teste kurz in einem anderen Raum/nahe am Access Point. Bitte nenne mir Raum/Etage und Uhrzeiten der Abbrüche für die AP-Logprüfung.",wlan;disconnect;treiber;access-point,WLAN bricht ständig ab Mein Firmen-WLAN trennt sich alle paar Minuten. Arbeiten ist kaum möglich.,wlan bricht ständig ab mein firmen-wlan trennt sich alle paar minuten. arbeiten ist kaum möglich.,4
TCK-0502,2026-02-25,Netzwerk,Low,Closed,Schlechte WLAN-Signalstärke im Meetingraum,"Im Meetingraum ist das WLAN sehr schwach, Video-Calls brechen ab.","Bitte teste, ob du dich mit dem 5GHz-Netz verbinden kannst (falls vorhanden), das ist oft stabiler. Prüfe außerdem, ob viele Geräte im Raum aktiv sind (Überlast). Ich gebe die Info an das Netzwerkteam weiter und prüfe, ob der Access Point in dem Raum richtig platziert/konfiguriert ist. Bitte nenne Raumname und ungefähre Zeiten.",wlan;signal;meetingraum;5ghz,"Schlechte WLAN-Signalstärke im Meetingraum Im Meetingraum ist das WLAN sehr schwach, Video-Calls brechen ab.","schlechte wlan-signalstärke im meetingraum im meetingraum ist das wlan sehr schwach, video-calls brechen ab.",4
TCK-0503,2026-02-26,Netzwerk,Medium,Closed,"WLAN verbunden, aber kein Internet","Ich bin mit dem WLAN verbunden, aber Internetseiten laden nicht.","Bitte trenne die WLAN-Verbindung und verbinde dich neu. Danach: `ipconfig /release` und `ipconfig /renew` (falls erlaubt) bzw. Netzwerkproblembehandlung starten. Prüfe, ob eine Proxy-Einstellung aktiv ist. Wenn es weiter besteht, sende mir einen Screenshot der WLAN-Details (IP-Adresse/Gateway).",wlan;kein-internet;ipconfig;proxy,"WLAN verbunden, aber kein Internet Ich bin mit dem WLAN verbunden, aber Internetseiten laden nicht.","wlan verbunden, aber kein internet ich bin mit dem wlan verbunden, aber internetseiten laden nicht.",7
TCK-0504,2026-02-26,Netzwerk,High,Closed,LAN funktioniert nicht nach Umzug,Ich bin umgezogen und seitdem geht mein LAN nicht mehr. WLAN geht.,"Bitte prüfe, ob das LAN-Kabel richtig eingerastet ist und ob am Port/Adapter LEDs leuchten. Teste wenn möglich ein anderes Kabel oder einen anderen Netzwerkport. Ich kann den Switch-Port prüfen (VLAN/Port deaktiviert) – dafür brauche ich Raum/Portnummer (falls am Anschluss steht) und deine MAC-Adresse.",lan;umzug;port;vlan,LAN funktioniert nicht nach Umzug Ich bin umgezogen und seitdem geht mein LAN nicht mehr. WLAN geht.,lan funktioniert nicht nach umzug ich bin umgezogen und seitdem geht mein lan nicht mehr. wlan geht.,7
TCK-0505,2026-02-27,Netzwerk,Medium,Closed,Dockingstation: LAN wird nicht erkannt,"An der Dockingstation funktioniert LAN nicht, nur WLAN.","Bitte trenne Dockingstation komplett (Strom + USB-C), warte 10 Sekunden und schließe alles neu an. Prüfe Treiber/Firmware der Dockingstation (falls eure IT das verteilt). Teste außerdem einen anderen USB-C Port. Wenn LAN am gleichen Kabel ohne Dock geht, liegt es sehr wahrscheinlich an Dock/Treiber.",lan;dockingstation;treiber;usb-c,"Dockingstation: LAN wird nicht erkannt An der Dockingstation funktioniert LAN nicht, nur WLAN.","dockingstation: lan wird nicht erkannt an der dockingstation funktioniert lan nicht, nur wlan.",7
TCK-0506,2026-02-27,Netzwerk,Medium,Closed,DNS Problem: interne Seiten nicht erreichbar,"Externe Seiten gehen, aber interne Seiten (Intranet) laden nicht.","Das klingt nach DNS. Bitte trenne VPN (falls aktiv) und teste erneut. Starte danach `ipconfig /flushdns` (falls erlaubt) und verbinde dich neu. Wenn es weiter besteht, sende mir `ipconfig /all` (ohne sensible Daten, falls nötig) oder zumindest DNS-Server-Adresse. Ich prüfe, ob der richtige DNS verteilt wird.",dns;intranet;namenaufloesung;vpn,"DNS Problem: interne Seiten nicht erreichbar Externe Seiten gehen, aber interne Seiten (Intranet) laden nicht.","dns problem: interne seiten nicht erreichbar externe seiten gehen, aber interne seiten (intranet) laden nicht.",7
TCK-0507,2026-02-28,Netzwerk,Low,Closed,Websites laden nicht wegen Proxy,"Viele Websites laden nicht, im Browser steht etwas von Proxy.","Bitte prüfe unter Windows „Proxy“ (Einstellungen -> Netzwerk & Internet -> Proxy), ob ein manueller Proxy gesetzt ist. In der Regel muss das auf „Automatisch“ stehen bzw. das Unternehmens-Skript nutzen. Deaktiviere testweise manuelle Einträge und starte den Browser neu. Wenn ihr einen Pflicht-Proxy habt, prüfe ich die korrekte Konfiguration/URL.",proxy;websites;browser;konfiguration,"Websites laden nicht wegen Proxy Viele Websites laden nicht, im Browser steht etwas von Proxy.","websites laden nicht wegen proxy viele websites laden nicht, im browser steht etwas von proxy.",7
TCK-0508,2026-02-28,Netzwerk,Medium,Closed,"„Kein Internet, gesichert“ im WLAN","Windows zeigt „Kein Internet, gesichert“ an. Ich bin verbunden, aber es geht nichts.","Bitte trenne und verbinde neu, danach PC neu starten. Prüfe, ob Datum/Uhrzeit korrekt sind (kann Captive Portal/SSL stören). Entferne das WLAN-Profil und richte es neu ein. Wenn es weiterhin so ist, könnte DHCP/DNS fehlerhaft sein – sende mir bitte IP/Gateway aus den WLAN-Details.",kein-internet;gesichert;dhcp;dns,"„Kein Internet, gesichert“ im WLAN Windows zeigt „Kein Internet, gesichert“ an. Ich bin verbunden, aber es geht nichts.","„kein internet, gesichert“ im wlan windows zeigt „kein internet, gesichert“ an. ich bin verbunden, aber es geht nichts.",7
TCK-0509,2026-03-01,Netzwerk,High,Closed,IP-Konflikt im Büro,"Ich bekomme die Meldung, dass es einen IP-Adresskonflikt gibt. Netzwerk fällt aus.","Bitte trenne LAN/WLAN kurz und verbinde neu, damit du eine neue IP per DHCP bekommst. Wenn du eine feste IP gesetzt hast, bitte wieder auf „automatisch“ umstellen. Ich prüfe parallel im DHCP/ARP-Log, ob ein Gerät deine IP doppelt nutzt. Nenne mir bitte deine IP-Adresse und den Standort.",ip-konflikt;dhcp;arp;lan,"IP-Konflikt im Büro Ich bekomme die Meldung, dass es einen IP-Adresskonflikt gibt. Netzwerk fällt aus.","ip-konflikt im büro ich bekomme die meldung, dass es einen ip-adresskonflikt gibt. netzwerk fällt aus.",4
TCK-0510,2026-03-01,Netzwerk,Medium,Closed,"LAN: verbunden, aber keine Netzlaufwerke","LAN ist verbunden, aber ich komme nicht auf Netzlaufwerke/Server.","Bitte prüfe zuerst, ob du im richtigen Netzwerk/VLAN bist (nach Umzug kann Port falsch gepatcht sein). Teste einmal eine interne Seite (Intranet). Wenn nur Laufwerke fehlen, kann auch DNS oder eine GPO fehlen. Ich prüfe Switch-Port und deine Netzwerkzuordnung; sende mir bitte Raum/Port und PC-Name.",lan;netzlaufwerk;vlan;dns,"LAN: verbunden, aber keine Netzlaufwerke LAN ist verbunden, aber ich komme nicht auf Netzlaufwerke/Server.","lan: verbunden, aber keine netzlaufwerke lan ist verbunden, aber ich komme nicht auf netzlaufwerke/server.",7
TCK-0511,2026-03-02,Netzwerk,Low,Closed,WLAN langsam zu Stoßzeiten,"Nachmittags ist WLAN extrem langsam, morgens geht es.",Das klingt nach Überlast. Bitte nenne Standort (Etage/Raum) und die Zeiten. Ich prüfe Auslastung des Access Points und ob ein Kanalwechsel/Load-Balancing nötig ist. Als Workaround: wenn möglich 5GHz nutzen oder kurz auf LAN wechseln.,wlan;langsam;ueberlast;zeiten,"WLAN langsam zu Stoßzeiten Nachmittags ist WLAN extrem langsam, morgens geht es.","wlan langsam zu stoßzeiten nachmittags ist wlan extrem langsam, morgens geht es.",4
TCK-0512,2026-03-02,Netzwerk,Medium,Closed,DNS/Proxy: nur bestimmte Seiten gehen,"Google geht, aber mehrere andere Seiten (auch externe) laden nicht.","Bitte prüfe, ob ein Proxy aktiv ist und ob im Browser eine Erweiterung (Adblock/Privacy) blockiert. Teste im Inkognito-Fenster. Falls über VPN: teste ohne VPN. Sende mir bitte 2–3 betroffene Domains und die genaue Fehlermeldung, dann kann ich DNS/Proxy-Logs gezielt prüfen.",dns;proxy;seiten-laden-nicht;browser,"DNS/Proxy: nur bestimmte Seiten gehen Google geht, aber mehrere andere Seiten (auch externe) laden nicht.","dns/proxy: nur bestimmte seiten gehen google geht, aber mehrere andere seiten (auch externe) laden nicht.",7
TCK-0513,2026-03-03,Netzwerk,Medium,Closed,"WLAN verbindet, aber trennt sofort wieder","Ich gebe das Passwort ein, WLAN verbindet kurz und trennt sofort.","Bitte entferne das WLAN-Profil komplett und verbinde neu. Prüfe, ob du das richtige Netz (z. B. Mitarbeiter vs. Gast) nutzt. Wenn ihr 802.1X verwendet, kann ein Zertifikat/Passwort-Problem vorliegen. Sende mir bitte die genaue Meldung in Windows und ob es an anderen Geräten klappt.",wlan;auth;802.1x;profil,"WLAN verbindet, aber trennt sofort wieder Ich gebe das Passwort ein, WLAN verbindet kurz und trennt sofort.","wlan verbindet, aber trennt sofort wieder ich gebe das passwort ein, wlan verbindet kurz und trennt sofort.",4
TCK-0514,2026-03-03,Netzwerk,High,Closed,Nach Umzug: Netzwerkdose ohne Funktion,"Meine neue Netzwerkdose scheint tot – kein Link, kein DHCP.","Ich prüfe die Patchung im Serverschrank (Dose ggf. nicht aufgelegt oder falscher Switch-Port). Bitte nenne mir die Dose/Nummer (steht meist auf der Blende) und deinen Raum. Falls du kannst, teste mit einem zweiten Kabel, um Kabeldefekt auszuschließen.",lan;dose;patchung;kein-link,"Nach Umzug: Netzwerkdose ohne Funktion Meine neue Netzwerkdose scheint tot – kein Link, kein DHCP.","nach umzug: netzwerkdose ohne funktion meine neue netzwerkdose scheint tot – kein link, kein dhcp.",7
TCK-0515,2026-03-04,Netzwerk,Medium,Closed,IP-Adresse bleibt 169.254.x.x,Mein PC bekommt eine 169.254… Adresse und hat kein Netzwerk.,"Das bedeutet, dass DHCP nicht erreicht wird. Bitte prüfe Kabel/Port (bei LAN) oder verbinde WLAN neu. Starte den Netzwerkadapter einmal deaktivieren/aktivieren. Wenn du an einer neuen Dose bist, könnte der Port/VLAN falsch sein. Sende mir bitte Standort + ob andere Geräte am gleichen Anschluss funktionieren.",dhcp;169.254;apipa;lan,IP-Adresse bleibt 169.254.x.x Mein PC bekommt eine 169.254… Adresse und hat kein Netzwerk.,ip-adresse bleibt 169.254.x.x mein pc bekommt eine 169.254… adresse und hat kein netzwerk.,7
TCK-0601,2026-03-05,Account,Medium,Closed,Passwort-Reset: Link abgelaufen,"Ich habe den Reset-Link aus der E-Mail geöffnet, aber es steht „Link ungültig oder abgelaufen“. Ich komme nicht rein.","Reset-Links sind zeitlich begrenzt. Bitte starte den Prozess „Passwort vergessen“ erneut und nutze den neuesten Link. Wenn du mehrere Mails bekommen hast, ist nur die letzte gültig. Falls es weiterhin fehlschlägt, prüfe bitte die Systemzeit deines PCs und gib mir den Zeitpunkt des Versuchs durch.",passwort;reset;link;abgelaufen,"Passwort-Reset: Link abgelaufen Ich habe den Reset-Link aus der E-Mail geöffnet, aber es steht „Link ungültig oder abgelaufen“. Ich komme nicht rein.","passwort-reset: link abgelaufen ich habe den reset-link aus der e-mail geöffnet, aber es steht „link ungültig oder abgelaufen“. ich komme nicht rein.",3
TCK-0602,2026-03-05,Security,High,Closed,MFA: Einmalcodes funktionieren nicht,"Ich gebe den Code aus der Authenticator-App ein, aber er wird immer abgelehnt.","Das passiert häufig bei abweichender Uhrzeit am Smartphone. Bitte aktiviere „Datum/Uhrzeit automatisch“ und öffne in der Authenticator-App (falls vorhanden) die Option „Zeitkorrektur/Synchronisieren“. Danach erneut versuchen. Wenn es weiterhin nicht klappt, kann ich die MFA-Registrierung zurücksetzen, damit du sie neu einrichten kannst (nach Identitätsprüfung).",mfa;2fa;authenticator;code;zeit,"MFA: Einmalcodes funktionieren nicht Ich gebe den Code aus der Authenticator-App ein, aber er wird immer abgelehnt.","mfa: einmalcodes funktionieren nicht ich gebe den code aus der authenticator-app ein, aber er wird immer abgelehnt.",10
TCK-0603,2026-03-06,Drucker,Low,Closed,Drucker druckt sehr blass / kaum lesbar,"Die Ausdrucke sind seit heute sehr blass, als ob kaum Toner drauf ist.","Bitte prüfe den Tonerstand am Gerät und rüttle die Tonerkassette einmal vorsichtig (falls vom Hersteller vorgesehen). Starte anschließend eine Kalibrierung/Reinigung (Menü -> Wartung). Drucke eine interne Testseite. Wenn die Testseite ebenfalls blass ist, tauschen wir Toner/Drum bzw. melden Service.",drucker;blass;toner;kalibrierung,"Drucker druckt sehr blass / kaum lesbar Die Ausdrucke sind seit heute sehr blass, als ob kaum Toner drauf ist.","drucker druckt sehr blass / kaum lesbar die ausdrucke sind seit heute sehr blass, als ob kaum toner drauf ist.",11
TCK-0604,2026-03-06,Scannen,Medium,Closed,Scan-to-Mail: Zustellung schlägt fehl (Bounce),"Scan-to-Mail sendet scheinbar, aber ich bekomme danach eine Unzustellbarkeitsmeldung (Bounce).","Bitte leite mir die Bounce-Mail (Fehlertext) weiter, damit wir Ursache/SMTP-Fehlercode sehen. Häufig sind Absenderkonto/SMTP-Auth oder eine blockierte Empfängeradresse der Grund. Ich prüfe die Gerätekonfiguration (SMTP-Relay, Account, TLS) und passe sie an. Nenne mir bitte Gerätename/Standort und Uhrzeit des Scans.",scanner;scan-to-mail;bounce;smtp,"Scan-to-Mail: Zustellung schlägt fehl (Bounce) Scan-to-Mail sendet scheinbar, aber ich bekomme danach eine Unzustellbarkeitsmeldung (Bounce).","scan-to-mail: zustellung schlägt fehl (bounce) scan-to-mail sendet scheinbar, aber ich bekomme danach eine unzustellbarkeitsmeldung (bounce).",9
TCK-0605,2026-03-07,Performance,Medium,Closed,Hohe CPU durch OneDrive.exe,Mein PC ist langsam und der Lüfter läuft. Im Task-Manager zieht OneDrive.exe dauerhaft viel CPU.,"Das deutet meist auf eine laufende Synchronisation oder einen Sync-Fehler hin. Bitte prüfe das OneDrive-Symbol (Sync-Status) und pausiere testweise die Synchronisation für 10 Minuten. Wenn es hilft, prüfen wir, ob sehr große Dateien/Ordner oder viele kleine Dateien gesynct werden. Ein Neustart von OneDrive (Beenden/Starten) behebt es oft ebenfalls.",cpu;onedrive;sync;performance,Hohe CPU durch OneDrive.exe Mein PC ist langsam und der Lüfter läuft. Im Task-Manager zieht OneDrive.exe dauerhaft viel CPU.,hohe cpu durch onedrive.exe mein pc ist langsam und der lüfter läuft. im task-manager zieht onedrive.exe dauerhaft viel cpu.,8
TCK-0606,2026-03-07,Performance,High,Closed,C: voll wegen Windows.old nach Update,Nach dem letzten Update ist C: fast voll. Ich sehe einen Ordner Windows.old mit vielen GB.,"Windows.old entsteht nach größeren Updates und kann nach erfolgreichem Betrieb entfernt werden. Bitte nutze „Datenträgerbereinigung“ bzw. „Speicher“ -> „Temporäre Dateien“ und wähle „Vorherige Windows-Installation(en)“. Danach neu starten. Wenn du unsicher bist, warte ein paar Tage, bis alles stabil läuft, bevor du löschst.",laufwerk-c;voll;windows.old;bereinigung,C: voll wegen Windows.old nach Update Nach dem letzten Update ist C: fast voll. Ich sehe einen Ordner Windows.old mit vielen GB.,c: voll wegen windows.old nach update nach dem letzten update ist c: fast voll. ich sehe einen ordner windows.old mit vielen gb.,2
TCK-0607,2026-03-08,Lizenz,Medium,Closed,Office Aktivierung fragt ständig nach Anmeldung,"Jedes Mal wenn ich Word öffne, soll ich mich wieder anmelden. Danach geht es kurz, aber beim nächsten Start wieder.","Das deutet auf ein Token-/Cache-Problem hin. Bitte melde dich in Office ab, schließe alle Office-Apps und lösche anschließend die gespeicherten Anmeldedaten im Windows-Anmeldeinformationsmanager (Office/Microsoft Einträge). Starte den PC neu und melde dich erneut an. Wenn es weiter auftritt, prüfen wir, ob mehrere Konten (privat/geschäftlich) parallel hinterlegt sind.",office;aktivierung;anmeldung;token,"Office Aktivierung fragt ständig nach Anmeldung Jedes Mal wenn ich Word öffne, soll ich mich wieder anmelden. Danach geht es kurz, aber beim nächsten Start wieder.","office aktivierung fragt ständig nach anmeldung jedes mal wenn ich word öffne, soll ich mich wieder anmelden. danach geht es kurz, aber beim nächsten start wieder.",1
TCK-0608,2026-03-08,Lizenz,Low,Closed,Lizenz für neues Tool anfragen (Power BI Pro),Für das Reporting benötige ich eine Power BI Pro Lizenz. Aktuell habe ich nur Zugriff auf die Free-Version.,"Bitte sende mir kurz Zweck/Projekt, benötigte Dauer (temporär/ dauerhaft) und eine Freigabe durch Teamleitung/Kostenstelle. Danach kann ich die Pro-Lizenz zuweisen. Nach der Zuweisung bitte einmal ab- und wieder anmelden, damit die Berechtigung aktiv wird.",lizenz;anfrage;powerbi;pro,Lizenz für neues Tool anfragen (Power BI Pro) Für das Reporting benötige ich eine Power BI Pro Lizenz. Aktuell habe ich nur Zugriff auf die Free-Version.,lizenz für neues tool anfragen (power bi pro) für das reporting benötige ich eine power bi pro lizenz. aktuell habe ich nur zugriff auf die free-version.,6
TCK-0609,2026-03-09,Netzwerk,Medium,Closed,Proxy/PAC: automatische Konfiguration nicht erreichbar,"Seit heute laden Websites nicht. In den Netzwerkeinstellungen steht etwas von automatischer Proxy-Konfiguration, aber es klappt nicht.","Bitte prüfe unter Windows -> Proxy, ob „Setupscript verwenden“ aktiv ist und ob die PAC-URL erreichbar ist. Teste einmal, die automatische Erkennung kurz zu deaktivieren und den Browser neu zu starten. Wenn es danach funktioniert, liegt vermutlich ein Problem mit dem PAC-Server vor – ich prüfe die Erreichbarkeit/Logs. Nenne mir bitte Standort (Büro/Homeoffice/VPN).",proxy;pac;websites;konfiguration,"Proxy/PAC: automatische Konfiguration nicht erreichbar Seit heute laden Websites nicht. In den Netzwerkeinstellungen steht etwas von automatischer Proxy-Konfiguration, aber es klappt nicht.","proxy/pac: automatische konfiguration nicht erreichbar seit heute laden websites nicht. in den netzwerkeinstellungen steht etwas von automatischer proxy-konfiguration, aber es klappt nicht.",7
TCK-0610,2026-03-09,Netzwerk,Low,Closed,WLAN verbindet mit Gastnetz statt Firmennetz,Mein Laptop verbindet sich automatisch mit dem Gast-WLAN. Im Firmennetz kann ich dann keine internen Seiten öffnen.,"Bitte entferne das Gast-WLAN-Profil („Bekannte Netzwerke verwalten“ -> Entfernen) oder setze die Priorität so, dass das Firmennetz bevorzugt wird. Verbinde dich anschließend manuell mit dem Firmennetz und speichere die Zugangsdaten. Wenn ihr 802.1X nutzt, kann auch ein Zertifikat fehlen – dann richte ich das Profil neu ein.",wlan;gastnetz;profil;intranet,WLAN verbindet mit Gastnetz statt Firmennetz Mein Laptop verbindet sich automatisch mit dem Gast-WLAN. Im Firmennetz kann ich dann keine internen Seiten öffnen.,wlan verbindet mit gastnetz statt firmennetz mein laptop verbindet sich automatisch mit dem gast-wlan. im firmennetz kann ich dann keine internen seiten öffnen.,4
